Livingston verpasst Chancen gegen stumpfe Gäste,
Ryder Cup 2018: Team USA zeigt Magen für Kampf um die Hoffnung im Einzel am Sonntag,
Harvard-Studenten nehmen Kurs darauf, genug Ruhe zu bekommen,
Jedenfalls hat der poppige, gummigesichtige, inkompetente Johnny English seine Lizenz zum zweiten Mal verlängert bekommen – dieser Name signalisiert mehr als alles andere, dass er eine breite Comic-Schöpfung ist, die für nicht-englischsprachige Kinogebiete konzipiert wurde.,
Er erklärte den Ermittlern, dass er sich gut fühlte über das, was er getan hatte, sagte die Polizei.,
Bewohner wurden dabei beobachtet, wie sie in ihre zerstörten Häuser zurückkehrten, Staunässe durchwühlten und versuchten, alles zu retten, was sie finden konnten.,
Zwanzig Prozent der Schüler gaben an, ein desinfiziertes „Hauptkonto“ zu betreiben, um den Eltern zu zeigen, aber auch ein privates zu haben.,
Geht es in den Donnerstag, ist es eine weitere große europäische Nacht.,
Ihre Zurückhaltung ist alles auf das Timing zurückzuführen.,
Man muss seine Kappe kippen.
Er stellte fest , dass Kim an einer zweiten Sitzung interessiert ist , nachdem das erste Treffen in Singapur im Juni von Trumpf als großer Schritt hin zur Verleuuchung der Nordko-Korea.,
Der Schauspieler hat kürzlich verraten, dass er es für das Beste hält, seine Frau Rose zu treffen, um aus Game of Thrones herauszukommen.,
Fünf der Opfer waren Touristen aus Argentinien.,
Die Stadt Palu mit mehr als 380.000 Einwohnern war mit Trümmern eingestürzter Gebäude übersät.,
Obwohl es selten ist, wurden Fälle von Schweinen, die Menschen angreifen, zuvor aufgenommen.,
Und ich tat. ,
Methode besteht darin, Immunzellen von einem Patienten zu extrahieren, sie im Labor zu verändern,
"Sie sagten: Gehen Sie nicht mit diesem Hut nach draußen.\"", ich meine natürlich, sagte Kennedy."","
 es gab keine Zeit, uns zu retten.
Er bietet viel mehr als nur Spielplatz .,
Du gehst morgen voll in die Langeweile.,
Wir haben ein Ziel, und das ist zu versuchen, diese Trophäe zu gewinnen, und das ist, wo der Fokus bleibt.,
Das war das erste mal, dass die Navy nach der Lieferung ein Schiff zu einer werft zurück gebracht hat.,
Bats sind nicht wirklich blind.,
BMW zum Beispiel sagt, dass es sein Mini-Werk in Oxford für einen Monat nach dem Brexit schließen wird.,
Christion Abercrombie unternimmt Notoperation nach erlittener Kopfverletzung,
Das Finanzministerium geht davon aus, dass sich der Schritt auf 120 Millionen Pfund pro Jahr erhöhen wird.,
Ich wollte mein Land als Spielerspielerin spielen .,
Bekanntlich gibt es keine Anzeichen für die Betrachtung von Betrachtungen .













]